bits,l,time setup,time encrypt,time keygen,time decrypt,time total
512,100,12211084.365844727,12157440.185546875,156879.42504882812,7928609.848022461,32454013.82446289
512,500,61069488.525390625,60342788.69628906,768423.0804443359,66167593.002319336,188348293.30444336
512,1000,122645139.69421387,119675159.4543457,1517057.4188232422,202549934.38720703,446387290.95458984
512,5000,614962100.982666,606585025.7873535,7922649.383544922,4164113998.413086,5393583774.56665
512,10000,1248782634.7351074,1213410854.3395996,15724897.384643555,16937051296.23413,19414969682.69348
