bits,l,time setup,time encrypt,time keyder,time decrypt,time total
512,100,6059408.187866211,11573076.248168945,51736.83166503906,7495164.87121582,25179386.138916016
512,500,30467033.38623047,58126211.166381836,252723.69384765625,65339565.27709961,154185533.52355957
512,1000,60319423.67553711,116711139.67895508,524044.0368652344,201231241.2261963,378785848.6175537
512,5000,303002357.48291016,586902618.4082031,2530336.380004883,4021365642.5476074,4913800954.818726
512,10000,605205059.0515137,1164190530.7769775,5117416.3818359375,16645510911.941528,18420023918.151855
