k,m,n,x_max,y_max,F_max,size msk,size mpk,size ct,size sk,time setup,time keygen,time encrypt,time decrypt,time total
100,100,99,2,2,2,4999.970703125,6.734375,15099.5,0.75,20581245.42236328,410496711.73095703,5203389644.622803,6296377420.425415,11930845022.201538
200,200,199,2,2,2,19853.8994140625,6.734375,60199.5,0.75,70315599.44152832,3230042219.1619873,21226413249.969482,26881811380.386353,51408582448.95935
