n1,n2,k,k_prime,lamda,size msk,size pp,size ct,size sk,time setup,time keygen,time encrypt,time decrypt,time total
100,100,4,4,16,10.095703125,13.0,276.25,2.5,5531072.616577148,2274789333.343506,284172773.36120605,2257908821.105957,4822402000.427246
200,200,4,4,16,10.095703125,13.0,551.25,2.5,5531072.616577148,18410621643.066406,568225383.7585449,18042613506.31714,37026991605.75867
